ID,Fecha_Registro,Etapa_Cadena,Region_Origen,Tipo_Certificacion,Metodo_Transporte,Canal_Comercializacion,Rendimiento_ha_ton,Dias_Cosecha_Procesamiento,Perdidas_Acopio_porcentaje,Tiempo_Fritura_min,Costo_Produccion_USD_kg,Precio_Venta_USD_kg,Puntuacion_Calidad_1_10,ID_Lote,Margen_Ganancia_USD_kg,Eficiencia_Logistica_porcentaje,Precio_Relativo,Apreciacion_Producto,Puntuacion_Calidad_Antes
1,2024-11-04,Acopio,Selva,Convencional,No refrigerado,No aplica,"19,3",4,"6,21",5,"0,94","6,6","6,6",L001-Sel,"5,66","93,79","7,021276596",Negativa,"5,4"
2,2024-07-06,Venta,Costa,Convencional,Refrigerado,Supermercados,"22,48",4,"3,16","5,6","1,2","6,19","4,4",L002-Cos,"4,99","96,84","5,158333333",Negativa,4
3,2024-03-29,Acopio,Costa,Convencional,Refrigerado,No aplica,25,3,"9,02",6,"1,25","4,05","8,3",L003-Cos,"2,8","90,98","3,24",Positiva,"7,4"
4,2024-01-02,Venta,Costa,Convencional,Refrigerado,Mercados locales,"19,96",5,"8,83","4,5","1,19","3,55","7,1",L004-Cos,"2,36","91,17","2,983193277",Positiva,"6,2"
5,2024-08-02,Procesamiento,Costa,Convencional,Refrigerado,No aplica,"21,65",2,"9,26","5,8","1,72","4,35","9,5",L005-Cos,"2,63","90,74","2,529069767",Positiva,"8,2"
6,2024-03-05,Procesamiento,Selva,Convencional,No refrigerado,No aplica,25,2,"4,97","5,6","0,94","7,21",9,L006-Sel,"6,27","95,03","7,670212766",Positiva,"8,3"
7,2024-11-23,Cosecha,Costa,Orgánico,Refrigerado,No aplica,"23,86",3,"2,44","5,1","1,62","7,45","9,2",L007-Cos,"5,83","97,56","4,598765432",Positiva,"7,9"
8,2024-01-05,Procesamiento,Costa,Convencional,No refrigerado,No aplica,"23,9",4,"6,93","5,1","1,77","7,4","9,5",L008-Cos,"5,63","93,07","4,18079096",Positiva,"8,4"
9,2024-08-09,Procesamiento,Sierra,Convencional,No refrigerado,No aplica,17,6,"4,41","6,7","1,28","6,25","6,9",L009-Sie,"4,97","95,59","4,8828125",Negativa,6
10,2024-05-13,Cosecha,Sierra,Convencional,Refrigerado,No aplica,"18,34",3,"4,13","6,8","1,61","6,53","8,6",L010-Sie,"4,92","95,87","4,055900621",Positiva,"7,6"
11,2024-04-25,Procesamiento,Costa,Convencional,No refrigerado,No aplica,"20,45",2,"5,23","4,3","1,03","5,71","6,9",L011-Cos,"4,68","94,77","5,54368932",Negativa,"6,1"
12,2024-08-20,Acopio,Costa,Orgánico,Refrigerado,No aplica,25,2,"4,03","6,8","1,82","6,08",8,L012-Cos,"4,26","95,97","3,340659341",Positiva,"6,7"
13,2024-02-23,Acopio,Costa,Orgánico,Refrigerado,No aplica,"24,17",5,"3,71","4,1","2,11","6,01","9,3",L013-Cos,"3,9","96,29","2,848341232",Positiva,"8,3"
14,2024-11-20,Cosecha,Costa,Convencional,No refrigerado,No aplica,17,5,"3,57","5,1","1,04","7,21","9,2",L014-Cos,"6,17","96,43","6,932692308",Positiva,"8,4"
15,2024-05-26,Distribución,Costa,Convencional,Refrigerado,No aplica,"21,01",5,"9,01",5,"1,02","6,84","8,7",L015-Cos,"5,82","90,99","6,705882353",Positiva,"7,6"
16,2024-04-08,Acopio,Costa,En transición,Refrigerado,No aplica,"24,5",3,"7,39","4,3","1,72","7,51","7,8",L016-Cos,"5,79","92,61","4,36627907",Positiva,"6,3"
17,2024-05-31,Acopio,Costa,En transición,No refrigerado,No aplica,"22,13",4,"6,32","4,8","1,5","7,39","7,8",L017-Cos,"5,89","93,68","4,926666667",Positiva,"6,9"
18,2024-12-03,Acopio,Selva,Convencional,Mixto,No aplica,"21,96",5,"5,61","6,8","1,77","5,14","8,7",L018-Sel,"3,37","94,39","2,903954802",Positiva,"7,3"
19,2024-06-24,Procesamiento,Costa,En transición,Refrigerado,No aplica,"21,99",4,"7,57","6,2","1,52","5,23","6,7",L019-Cos,"3,71","92,43","3,440789474",Negativa,"5,9"
20,2024-11-12,Cosecha,Costa,Orgánico,Refrigerado,No aplica,"21,85",3,"4,61","5,1","2,15","6,68","8,7",L020-Cos,"4,53","95,39","3,106976744",Positiva,"8,1"
21,2024-10-28,Procesamiento,Costa,Convencional,Refrigerado,No aplica,"21,98",5,"9,18","6,2","1,75","5,32","7,6",L021-Cos,"3,57","90,82","3,04",Positiva,"6,9"
22,2024-10-06,Venta,Selva,Convencional,Refrigerado,Supermercados,"18,66",2,"6,9","6,8","1,5","8,28",9,L022-Sel,"6,78","93,1","5,52",Positiva,"8,1"
23,2024-01-26,Acopio,Sierra,Convencional,Refrigerado,No aplica,"15,44",1,"3,96","6,1","1,35","5,19","5,9",L023-Sie,"3,84","96,04","3,844444444",Negativa,"5,2"
24,2024-05-22,Distribución,Sierra,En transición,No refrigerado,No aplica,"21,59",2,"5,5","5,2","0,85","7,55","7,4",L024-Sie,"6,7","94,5","8,882352941",Positiva,"6,9"
25,2024-09-27,Acopio,Costa,Convencional,Refrigerado,No aplica,25,5,"8,87","6,6","1,05","4,16","4,5",L025-Cos,"3,11","91,13","3,961904762",Negativa,4
26,2024-11-03,Acopio,Costa,Convencional,No refrigerado,No aplica,"23,1",5,"8,89","4,6","1,21","6,8","5,1",L026-Cos,"5,59","91,11","5,619834711",Negativa,4
27,2024-05-08,Cosecha,Selva,Convencional,Refrigerado,No aplica,"16,08",2,"3,55","4,1","1,76","7,34","4,7",L027-Sel,"5,58","96,45","4,170454545",Negativa,4
28,2024-12-14,Cosecha,Costa,Orgánico,Refrigerado,No aplica,"23,89",5,"5,83","5,6","2,16","5,74","9,5",L028-Cos,"3,58","94,17","2,657407407",Positiva,"8,8"
29,2024-09-10,Procesamiento,Costa,Convencional,No refrigerado,No aplica,"22,89",5,"3,12","6,3","1,61","5,39","8,2",L029-Cos,"3,78","96,88","3,347826087",Positiva,"7,6"
30,2024-01-16,Procesamiento,Costa,Convencional,No refrigerado,No aplica,"21,74",3,"9,53","5,5","1,34","6,74","6,7",L030-Cos,"5,4","90,47","5,029850746",Negativa,"6,1"
31,2024-09-24,Cosecha,Sierra,Orgánico,Refrigerado,No aplica,"18,28",2,"5,44","4,4","2,31","7,28","9,2",L031-Sie,"4,97","94,56","3,151515152",Positiva,8
32,2024-07-14,Acopio,Selva,En transición,Refrigerado,No aplica,"18,54",5,"10,91","4,1","1,61","5,13","7,6",L032-Sel,"3,52","89,09","3,186335404",Positiva,"6,2"
33,2024-02-05,Distribución,Costa,En transición,Refrigerado,No aplica,"22,9",4,"6,24","6,3","1,61","7,96","7,2",L033-Cos,"6,35","93,76","4,944099379",Positiva,"6,3"
34,2024-03-24,Acopio,Sierra,Convencional,Mixto,No aplica,"17,46",7,"8,18","4,7","1,18","6,14","8,6",L034-Sie,"4,96","91,82","5,203389831",Positiva,8
35,2024-01-25,Distribución,Costa,Convencional,Refrigerado,No aplica,"21,46",4,"7,01","5,9","1,25","5,17","6,4",L035-Cos,"3,92","92,99","4,136",Negativa,"5,4"
36,2024-06-22,Procesamiento,Costa,En transición,No refrigerado,No aplica,25,5,"9,82","6,5","1,67","7,35","7,6",L036-Cos,"5,68","90,18","4,401197605",Positiva,"6,8"
37,2024-12-29,Distribución,Costa,Convencional,No refrigerado,No aplica,"24,31",2,"7,14","5,1","1,51","5,93","6,7",L037-Cos,"4,42","92,86","3,927152318",Negativa,"5,8"
38,2024-01-01,Procesamiento,Costa,En transición,Refrigerado,No aplica,"21,4",4,9,"6,2","1,57","7,29","7,3",L038-Cos,"5,72",91,"4,643312102",Positiva,"6,2"
39,2024-05-28,Distribución,Costa,Convencional,No refrigerado,No aplica,"22,11",6,"9,74",4,"1,77","4,17","5,7",L039-Cos,"2,4","90,26","2,355932203",Negativa,"4,5"
40,2024-09-15,Cosecha,Selva,En transición,Refrigerado,No aplica,"18,58",1,"6,52","4,9","1,8","6,79",8,L040-Sel,"4,99","93,48","3,772222222",Positiva,"7,4"
41,2024-08-07,Venta,Costa,Convencional,Mixto,Tiendas especializadas,25,4,"4,32","5,4","1,15","9,92","5,8",L041-Cos,"8,77","95,68","8,626086957",Negativa,"5,3"
42,2024-03-22,Acopio,Costa,Convencional,Refrigerado,No aplica,"20,71",5,"7,79","4,5","1,71","7,29","4,9",L042-Cos,"5,58","92,21","4,263157895",Negativa,4
43,2024-06-25,Acopio,Sierra,En transición,Refrigerado,No aplica,"18,36",5,"5,18","5,1","1,61","7,95","8,9",L043-Sie,"6,34","94,82","4,937888199",Positiva,"8,2"
44,2024-07-15,Acopio,Sierra,Convencional,No refrigerado,No aplica,"16,26",2,"5,9","4,8","0,86","7,46","7,6",L044-Sie,"6,6","94,1","8,674418605",Positiva,7
45,2024-10-14,Venta,Selva,Convencional,No refrigerado,Tiendas especializadas,"18,65",2,"3,9","6,9","1,41","8,14","8,3",L045-Sel,"6,73","96,1","5,773049645",Positiva,"7,6"
46,2024-11-08,Cosecha,Costa,Orgánico,Refrigerado,No aplica,"24,55",2,"7,11","5,7","2,06","7,51","8,1",L046-Cos,"5,45","92,89","3,645631068",Positiva,"7,6"
47,2024-11-03,Procesamiento,Costa,Convencional,No refrigerado,No aplica,"24,3",5,"9,86","5,8","1,44","6,22","7,8",L047-Cos,"4,78","90,14","4,319444444",Positiva,"6,9"
48,2024-03-09,Procesamiento,Costa,En transición,Refrigerado,No aplica,25,5,"6,03","6,8","1,29","5,03","7,6",L048-Cos,"3,74","93,97","3,899224806",Positiva,"6,3"
49,2024-03-01,Venta,Costa,Convencional,No refrigerado,Supermercados,"22,73",5,"5,42","6,7","1,27","8,67","5,6",L049-Cos,"7,4","94,58","6,826771654",Negativa,"4,8"
50,2024-10-08,Cosecha,Costa,Orgánico,Refrigerado,No aplica,"21,79",2,"7,37","4,4","1,83","5,29","6,6",L050-Cos,"3,46","92,63","2,890710383",Negativa,"5,7"
51,2024-01-14,Distribución,Costa,Orgánico,No refrigerado,No aplica,"23,7",2,"5,58",7,"2,04","7,7",7,L051-Cos,"5,66","94,42","3,774509804",Positiva,"5,8"
52,2024-01-15,Procesamiento,Costa,Convencional,No refrigerado,No aplica,"23,15",4,"6,72","4,3","1,25","6,13","7,5",L052-Cos,"4,88","93,28","4,904",Positiva,"6,5"
53,2024-04-20,Cosecha,Sierra,Orgánico,Refrigerado,No aplica,15,5,"5,56",6,"2,29","5,99","8,1",L053-Sie,"3,7","94,44","2,615720524",Positiva,"6,7"
54,2024-12-30,Procesamiento,Sierra,Convencional,No refrigerado,No aplica,15,6,"5,54","5,9","1,37","5,42","8,6",L054-Sie,"4,05","94,46","3,95620438",Positiva,"7,2"
55,2024-08-30,Acopio,Selva,Orgánico,Refrigerado,No aplica,"19,38",3,"2,53","6,4","1,56","7,37","4,8",L055-Sel,"5,81","97,47","4,724358974",Negativa,"4,3"
56,2024-07-21,Cosecha,Sierra,En transición,No refrigerado,No aplica,"19,99",2,"8,44","6,2","1,62","6,87","7,6",L056-Sie,"5,25","91,56","4,240740741",Positiva,"6,3"
57,2024-02-07,Procesamiento,Costa,Convencional,Refrigerado,No aplica,"20,47",1,"8,15","5,6","1,51","7,07",5,L057-Cos,"5,56","91,85","4,682119205",Negativa,4
58,2024-03-24,Procesamiento,Costa,Convencional,No refrigerado,No aplica,"21,7",3,"6,84","5,6",1,"6,74","6,8",L058-Cos,"5,74","93,16","6,74",Negativa,"5,3"
59,2024-05-16,Acopio,Sierra,Convencional,No refrigerado,No aplica,15,2,"8,96","6,2","1,21","7,73","6,2",L059-Sie,"6,52","91,04","6,388429752",Negativa,"5,2"
60,2024-03-02,Cosecha,Costa,En transición,No refrigerado,No aplica,"23,06",5,"6,15","4,5","1,61","6,66",8,L060-Cos,"5,05","93,85","4,136645963",Positiva,"6,5"
61,2024-05-24,Acopio,Selva,Convencional,No refrigerado,No aplica,15,4,"7,37","5,6","1,24","6,31","5,5",L061-Sel,"5,07","92,63","5,088709677",Negativa,"4,2"
62,2024-06-05,Venta,Costa,Convencional,Mixto,Mercados locales,"19,04",6,"8,56","5,9","1,33","5,68","8,7",L062-Cos,"4,35","91,44","4,270676692",Positiva,8
63,2024-10-29,Cosecha,Costa,Orgánico,No refrigerado,No aplica,"22,14",3,"4,96","6,3","1,6","6,15","7,2",L063-Cos,"4,55","95,04","3,84375",Positiva,"6,2"
64,2024-10-09,Venta,Costa,Convencional,No refrigerado,Supermercados,"23,51",3,"3,09","5,8","1,37","8,86",6,L064-Cos,"7,49","96,91","6,467153285",Negativa,"4,5"
65,2024-04-20,Acopio,Costa,En transición,No refrigerado,No aplica,"20,22",4,"6,07","5,8","1,31","6,45",4,L065-Cos,"5,14","93,93","4,923664122",Negativa,4
66,2024-09-23,Distribución,Costa,Convencional,Mixto,No aplica,"24,41",4,"3,48","4,2","0,9","7,36",8,L066-Cos,"6,46","96,52","8,177777778",Positiva,"7,4"
67,2024-06-02,Procesamiento,Costa,En transición,No refrigerado,No aplica,"22,11",6,"7,66","6,2","1,01","7,15","8,6",L067-Cos,"6,14","92,34","7,079207921",Positiva,"7,4"
68,2024-06-30,Acopio,Costa,Convencional,Mixto,No aplica,"19,42",4,"9,43","5,8","0,83","7,65","5,1",L068-Cos,"6,82","90,57","9,21686747",Negativa,"4,3"
69,2024-06-25,Cosecha,Costa,Convencional,Mixto,No aplica,"24,16",4,"3,09",6,"0,98","7,84","4,2",L069-Cos,"6,86","96,91",8,Negativa,4
70,2024-10-12,Procesamiento,Sierra,Convencional,Refrigerado,No aplica,"15,35",3,"4,47","6,7","1,01","4,76",6,L070-Sie,"3,75","95,53","4,712871287",Negativa,"5,1"
71,2024-10-14,Venta,Costa,Convencional,No refrigerado,Mercados locales,"18,93",4,"4,09","4,5","1,66","5,84","9,5",L071-Cos,"4,18","95,91","3,518072289",Positiva,"8,8"
72,2024-02-23,Acopio,Selva,Convencional,No refrigerado,No aplica,"19,23",2,"4,55","4,7","1,47","4,08","8,9",L072-Sel,"2,61","95,45","2,775510204",Positiva,"7,6"
73,2024-11-06,Acopio,Sierra,Convencional,No refrigerado,No aplica,"20,15",4,"9,74","6,8","0,94","5,63","7,9",L073-Sie,"4,69","90,26","5,989361702",Positiva,"7,1"
74,2024-07-13,Venta,Costa,Convencional,Refrigerado,Supermercados,"22,65",4,"7,93","6,7","1,42","7,34","5,4",L074-Cos,"5,92","92,07","5,169014085",Negativa,"4,1"
75,2024-06-06,Procesamiento,Costa,Convencional,No refrigerado,No aplica,"17,84",5,"4,54","6,9","1,58","4,46","9,5",L075-Cos,"2,88","95,46","2,82278481",Positiva,9
76,2024-04-18,Procesamiento,Sierra,Convencional,No refrigerado,No aplica,"23,39",2,"3,98","6,5","1,78","6,1","8,4",L076-Sie,"4,32","96,02","3,426966292",Positiva,"7,6"
77,2024-12-27,Distribución,Costa,Convencional,No refrigerado,No aplica,"21,98",3,"6,88",6,"1,63","4,83","9,4",L077-Cos,"3,2","93,12","2,963190184",Positiva,"8,7"
78,2024-05-01,Cosecha,Costa,Orgánico,No refrigerado,No aplica,"23,42",6,"3,05","6,7","1,92","5,53","5,5",L078-Cos,"3,61","96,95","2,880208333",Negativa,"4,8"
79,2024-10-21,Procesamiento,Costa,En transición,Refrigerado,No aplica,"22,29",5,"7,73","4,9","1,16","6,88",7,L079-Cos,"5,72","92,27","5,931034483",Positiva,"6,4"
80,2024-12-30,Procesamiento,Selva,Convencional,Mixto,No aplica,"19,85",4,"3,22","4,8","1,4","4,21","5,3",L080-Sel,"2,81","96,78","3,007142857",Negativa,"4,6"
81,2024-08-16,Cosecha,Sierra,Convencional,Refrigerado,No aplica,"15,39",5,"7,82","5,3","1,05","7,28","4,6",L081-Sie,"6,23","92,18","6,933333333",Negativa,4
82,2024-11-13,Cosecha,Selva,Orgánico,Refrigerado,No aplica,"22,96",1,"2,82","6,9","1,95","4,74","7,3",L082-Sel,"2,79","97,18","2,430769231",Positiva,"6,5"
83,2024-02-16,Venta,Costa,Convencional,No refrigerado,Mercados locales,"22,08",3,"6,43","4,7","1,79","5,83","7,4",L083-Cos,"4,04","93,57","3,25698324",Positiva,"6,5"
84,2024-03-22,Cosecha,Costa,En transición,No refrigerado,No aplica,"18,1",6,"10,12","4,6","0,92","5,69","6,6",L084-Cos,"4,77","89,88","6,184782609",Negativa,"5,7"
85,2024-07-01,Distribución,Costa,Convencional,No refrigerado,No aplica,"24,7",4,"6,92","5,4","1,68","6,12","8,9",L085-Cos,"4,44","93,08","3,642857143",Positiva,"7,5"
86,2024-06-18,Acopio,Sierra,Convencional,No refrigerado,No aplica,"21,08",2,"9,2","5,8","1,03","4,1","8,7",L086-Sie,"3,07","90,8","3,980582524",Positiva,"7,3"
87,2024-03-05,Venta,Costa,Convencional,Refrigerado,Tiendas especializadas,"21,95",4,"9,89","6,3","1,22","9,11","6,5",L087-Cos,"7,89","90,11","7,467213115",Negativa,"5,5"
88,2024-12-09,Acopio,Costa,Convencional,Refrigerado,No aplica,"19,99",1,"4,94","6,7","0,85","4,44","6,5",L088-Cos,"3,59","95,06","5,223529412",Negativa,"5,7"
89,2024-03-12,Cosecha,Selva,Convencional,Refrigerado,No aplica,"20,82",3,"9,33",7,"1,54","4,26","7,8",L089-Sel,"2,72","90,67","2,766233766",Positiva,"7,2"
90,2024-08-02,Venta,Costa,Convencional,No refrigerado,Supermercados,"20,96",2,"9,7","6,5","1,6","8,52","6,5",L090-Cos,"6,92","90,3","5,325",Negativa,5
91,2024-11-24,Venta,Sierra,En transición,Refrigerado,Supermercados,"19,99",3,"10,71","4,7","1,02","8,15","9,3",L091-Sie,"7,13","89,29","7,990196078",Positiva,"8,7"
92,2024-08-13,Venta,Costa,Convencional,Refrigerado,Supermercados,"20,79",2,"9,03","6,4","1,46","8,2","7,7",L092-Cos,"6,74","90,97","5,616438356",Positiva,"6,9"
93,2024-10-27,Acopio,Costa,Orgánico,No refrigerado,No aplica,"20,32",5,"2,66","6,7","2,49","4,25","7,5",L093-Cos,"1,76","97,34","1,706827309",Positiva,"6,7"
94,2024-02-28,Procesamiento,Costa,Convencional,Refrigerado,No aplica,"23,36",5,"8,14","5,6","1,67","4,98","9,5",L094-Cos,"3,31","91,86","2,982035928",Positiva,"8,7"
95,2024-06-08,Venta,Costa,Convencional,No refrigerado,Mercados locales,"24,76",6,"9,17","6,6","0,83","5,48",8,L095-Cos,"4,65","90,83","6,602409639",Positiva,"7,3"
96,2024-08-10,Acopio,Sierra,Orgánico,No refrigerado,No aplica,"18,07",3,"3,72","5,9","2,48","6,53","9,5",L096-Sie,"4,05","96,28","2,633064516",Positiva,"8,2"
97,2024-12-17,Acopio,Costa,Convencional,Refrigerado,No aplica,"24,37",4,"7,43","6,8","0,9","7,75","6,9",L097-Cos,"6,85","92,57","8,611111111",Negativa,"6,3"
98,2024-07-22,Distribución,Selva,Convencional,No refrigerado,No aplica,"19,3",3,"3,52","6,6","1,79","6,7","9,5",L098-Sel,"4,91","96,48","3,74301676",Positiva,"8,4"
99,2024-04-08,Distribución,Costa,Convencional,Refrigerado,No aplica,25,2,"3,01","4,5","1,27","7,78","7,6",L099-Cos,"6,51","96,99","6,125984252",Positiva,7
100,2024-10-29,Procesamiento,Costa,Convencional,No refrigerado,No aplica,"24,24",4,"9,08","6,9","0,83","6,93",9,L100-Cos,"6,1","90,92","8,34939759",Positiva,"8,4"
101,2024-10-06,Procesamiento,Costa,Convencional,Refrigerado,No aplica,"21,91",4,"8,07","6,2",1,"7,47","7,7",L101-Cos,"6,47","91,93","7,47",Positiva,"6,3"
102,2024-12-14,Acopio,Selva,Convencional,Mixto,No aplica,"20,81",7,"4,08","5,4","1,33","4,07","6,7",L102-Sel,"2,74","95,92","3,060150376",Negativa,6
103,2024-11-14,Cosecha,Costa,En transición,No refrigerado,No aplica,"21,82",2,"9,25","4,7","1,36","4,9","9,5",L103-Cos,"3,54","90,75","3,602941176",Positiva,"8,2"
104,2024-10-15,Distribución,Costa,Convencional,No refrigerado,No aplica,25,3,"6,36","5,8","1,09","6,78","6,8",L104-Cos,"5,69","93,64","6,220183486",Negativa,"5,8"
105,2024-01-02,Venta,Sierra,Convencional,No refrigerado,Supermercados,"18,41",5,"7,92","5,7","0,81","7,31","5,6",L105-Sie,"6,5","92,08","9,024691358",Negativa,5
106,2024-10-31,Procesamiento,Sierra,Orgánico,No refrigerado,No aplica,15,3,"6,14","6,4","1,7","4,67","6,2",L106-Sie,"2,97","93,86","2,747058824",Negativa,"4,7"
107,2024-09-07,Venta,Costa,Convencional,No refrigerado,Mercados locales,"18,93",5,"9,1","6,1","1,6","4,02","8,3",L107-Cos,"2,42","90,9","2,5125",Positiva,"7,6"
108,2024-01-12,Procesamiento,Costa,Convencional,No refrigerado,No aplica,"21,8",2,"4,15","5,3","1,52","6,37","9,5",L108-Cos,"4,85","95,85","4,190789474",Positiva,"8,1"
109,2024-05-29,Cosecha,Sierra,Orgánico,Mixto,No aplica,"15,42",7,"5,95","5,5","2,06","6,88","6,7",L109-Sie,"4,82","94,05","3,339805825",Negativa,6
110,2024-01-24,Acopio,Sierra,Convencional,Refrigerado,No aplica,15,1,"8,88","4,5","1,76","5,66",7,L110-Sie,"3,9","91,12","3,215909091",Positiva,"5,6"
111,2024-10-21,Procesamiento,Costa,Convencional,Mixto,No aplica,"18,88",7,"5,77","5,8","1,4","7,17","9,5",L111-Cos,"5,77","94,23","5,121428571",Positiva,9
112,2024-01-14,Acopio,Sierra,En transición,Refrigerado,No aplica,"21,69",1,"5,92","6,1","1,71","4,72","9,5",L112-Sie,"3,01","94,08","2,760233918",Positiva,"8,5"
113,2024-01-28,Venta,Costa,Convencional,No refrigerado,Supermercados,"21,69",2,"7,64","4,3","1,45","7,25",9,L113-Cos,"5,8","92,36",5,Positiva,"7,7"
114,2024-12-26,Acopio,Sierra,Convencional,No refrigerado,No aplica,15,4,"6,09",5,"1,25","6,68","6,6",L114-Sie,"5,43","93,91","5,344",Negativa,"5,2"
115,2024-04-29,Procesamiento,Costa,Convencional,No refrigerado,No aplica,"21,3",2,"7,24","5,1","1,33","7,13","6,9",L115-Cos,"5,8","92,76","5,360902256",Negativa,"5,5"
116,2024-02-04,Distribución,Costa,Convencional,Refrigerado,No aplica,"21,35",2,"3,86","4,7","0,85","6,56","6,9",L116-Cos,"5,71","96,14","7,717647059",Negativa,"5,6"
117,2024-10-27,Procesamiento,Selva,Convencional,No refrigerado,No aplica,"22,75",4,"6,42",6,"0,94","4,12","7,5",L117-Sel,"3,18","93,58","4,382978723",Positiva,"6,1"
118,2024-11-06,Cosecha,Selva,Convencional,Refrigerado,No aplica,"21,8",5,"6,11","6,6","0,98","6,77","6,1",L118-Sel,"5,79","93,89","6,908163265",Negativa,"5,4"
119,2024-05-21,Venta,Costa,Orgánico,Refrigerado,Tiendas especializadas,"22,75",3,"7,59","6,1","2,18","8,08",9,L119-Cos,"5,9","92,41","3,706422018",Positiva,"8,2"
120,2024-04-11,Acopio,Sierra,Orgánico,Refrigerado,No aplica,"17,84",5,"6,69","5,7","2,24","7,51","8,3",L120-Sie,"5,27","93,31","3,352678571",Positiva,"7,5"
121,2024-03-05,Acopio,Sierra,Convencional,No refrigerado,No aplica,"17,26",4,"5,63","4,9","1,45","5,31","9,1",L121-Sie,"3,86","94,37","3,662068966",Positiva,"8,2"
122,2024-11-25,Acopio,Costa,Convencional,Refrigerado,No aplica,"18,89",1,"6,11",4,"1,39","4,67","7,2",L122-Cos,"3,28","93,89","3,35971223",Positiva,"6,3"
123,2024-12-29,Distribución,Costa,Convencional,Mixto,No aplica,"22,18",6,"6,34","5,2","1,35","6,99","5,2",L123-Cos,"5,64","93,66","5,177777778",Negativa,"4,2"
124,2024-11-29,Venta,Costa,Convencional,Refrigerado,Mercados locales,"21,49",3,"5,66","4,6","1,28","3,58","8,3",L124-Cos,"2,3","94,34","2,796875",Positiva,"7,6"
125,2024-12-10,Procesamiento,Costa,Convencional,Refrigerado,No aplica,"22,36",2,"7,27","6,1","1,07","5,65","9,5",L125-Cos,"4,58","92,73","5,280373832",Positiva,"8,3"
126,2024-09-19,Procesamiento,Costa,Convencional,No refrigerado,No aplica,"20,84",2,"6,97","4,8","1,76","5,93","6,1",L126-Cos,"4,17","93,03","3,369318182",Negativa,"5,4"
127,2024-03-12,Distribución,Costa,Convencional,Refrigerado,No aplica,25,2,"4,48","5,8","1,21","7,36","8,3",L127-Cos,"6,15","95,52","6,082644628",Positiva,"7,5"
128,2024-03-09,Distribución,Costa,Convencional,Refrigerado,No aplica,"23,39",2,"8,67","6,3","0,95","5,7","8,4",L128-Cos,"4,75","91,33",6,Positiva,"7,4"
129,2024-09-14,Cosecha,Sierra,Convencional,Refrigerado,No aplica,"21,06",3,"4,62","5,2","1,39","5,99","9,5",L129-Sie,"4,6","95,38","4,309352518",Positiva,"8,2"
130,2024-02-11,Acopio,Sierra,Convencional,No refrigerado,No aplica,"22,27",4,"9,94","4,4","0,9","6,9","6,4",L130-Sie,6,"90,06","7,666666667",Negativa,"5,2"
131,2024-01-27,Venta,Costa,Convencional,No refrigerado,Mercados locales,"18,63",2,"7,32","5,3","1,63","5,01","5,5",L131-Cos,"3,38","92,68","3,073619632",Negativa,"4,4"
132,2024-10-12,Distribución,Costa,Convencional,No refrigerado,No aplica,"21,51",3,"9,96",6,"1,36","6,92","5,1",L132-Cos,"5,56","90,04","5,088235294",Negativa,"4,4"
133,2024-05-15,Acopio,Sierra,Orgánico,Mixto,No aplica,"21,28",4,"2,58","5,4","2,26","5,39","8,5",L133-Sie,"3,13","97,42","2,384955752",Positiva,"7,5"
134,2024-10-14,Distribución,Selva,Convencional,Refrigerado,No aplica,"20,22",1,"7,7","4,3","1,06","7,15","8,9",L134-Sel,"6,09","92,3","6,745283019",Positiva,"8,3"
135,2024-07-08,Cosecha,Sierra,Convencional,No refrigerado,No aplica,"16,04",6,"5,42","4,7","1,31","7,3",5,L135-Sie,"5,99","94,58","5,572519084",Negativa,"4,1"
136,2024-10-17,Procesamiento,Costa,Convencional,Mixto,No aplica,"22,5",7,"5,74","5,5","1,2","6,16",7,L136-Cos,"4,96","94,26","5,133333333",Positiva,"6,1"
137,2024-09-12,Distribución,Costa,Convencional,Refrigerado,No aplica,"23,16",5,"3,16","4,5","1,02","7,83","6,5",L137-Cos,"6,81","96,84","7,676470588",Negativa,6
138,2024-01-25,Venta,Costa,Convencional,Refrigerado,Mercados locales,"20,97",3,"5,79","4,4","1,17","3,2","9,1",L138-Cos,"2,03","94,21","2,735042735",Positiva,"8,3"
139,2024-09-10,Acopio,Costa,Convencional,Refrigerado,No aplica,"23,32",4,"6,08","4,3","1,44","4,86","7,5",L139-Cos,"3,42","93,92","3,375",Positiva,6
140,2024-04-08,Procesamiento,Costa,Convencional,No refrigerado,No aplica,"20,87",4,"8,28","5,9","1,1","5,72","6,1",L140-Cos,"4,62","91,72","5,2",Negativa,"4,6"
141,2024-11-03,Cosecha,Sierra,Orgánico,Refrigerado,No aplica,"20,34",4,"7,98","6,4","2,12","5,23","9,5",L141-Sie,"3,11","92,02","2,466981132",Positiva,"8,6"
142,2024-03-26,Distribución,Sierra,Convencional,No refrigerado,No aplica,"22,29",4,"5,57","5,2","1,63","6,93","5,4",L142-Sie,"5,3","94,43","4,251533742",Negativa,"4,9"
143,2024-12-03,Venta,Costa,Convencional,No refrigerado,Mercados locales,25,6,"4,51",4,"1,04","5,93","8,2",L143-Cos,"4,89","95,49","5,701923077",Positiva,"7,5"
144,2024-08-19,Cosecha,Costa,Orgánico,Refrigerado,No aplica,"21,98",5,"4,93","4,5","1,82","6,95","9,5",L144-Cos,"5,13","95,07","3,818681319",Positiva,"8,6"
145,2024-11-09,Distribución,Costa,Convencional,Refrigerado,No aplica,"22,58",1,"7,82","5,3","1,05","7,36","6,6",L145-Cos,"6,31","92,18","7,00952381",Negativa,"5,2"
146,2024-03-27,Acopio,Sierra,Convencional,No refrigerado,No aplica,"15,63",2,"7,3","4,2","1,32","4,6","4,2",L146-Sie,"3,28","92,7","3,484848485",Negativa,4
147,2024-09-17,Distribución,Costa,Orgánico,No refrigerado,No aplica,"20,4",5,"4,1","6,3","2,16","4,74","9,4",L147-Cos,"2,58","95,9","2,194444444",Positiva,"8,1"
148,2024-02-18,Procesamiento,Sierra,Orgánico,Refrigerado,No aplica,"18,07",1,"3,77","6,3","2,12","5,53","6,9",L148-Sie,"3,41","96,23","2,608490566",Negativa,"6,3"
149,2024-06-29,Acopio,Costa,Orgánico,Mixto,No aplica,"23,92",4,"6,79","4,9","2,48","6,41","7,4",L149-Cos,"3,93","93,21","2,584677419",Positiva,"5,9"
150,2024-10-04,Venta,Costa,Convencional,Refrigerado,Supermercados,"22,46",1,"5,61","5,3","1,24","8,45","6,3",L150-Cos,"7,21","94,39","6,814516129",Negativa,"5,4"
151,2024-05-05,Acopio,Selva,Convencional,No refrigerado,No aplica,"16,36",2,"4,81","5,6","1,44","4,88","9,1",L151-Sel,"3,44","95,19","3,388888889",Positiva,"7,8"
152,2024-10-09,Venta,Costa,Convencional,No refrigerado,Supermercados,"22,65",5,"3,3","4,5","0,93","8,9",7,L152-Cos,"7,97","96,7","9,569892473",Positiva,"6,2"
153,2024-10-07,Venta,Costa,Convencional,Refrigerado,Supermercados,"23,61",3,"5,08","5,7","1,49","9,49",9,L153-Cos,8,"94,92","6,369127517",Positiva,"7,9"
154,2024-01-10,Distribución,Costa,Convencional,Refrigerado,No aplica,"23,66",1,"4,95","4,6","1,68","6,63","6,3",L154-Cos,"4,95","95,05","3,946428571",Negativa,"5,6"
155,2024-01-14,Distribución,Sierra,Convencional,No refrigerado,No aplica,"19,72",5,"3,04","6,3","0,84","6,98",4,L155-Sie,"6,14","96,96","8,30952381",Negativa,4
156,2024-01-24,Distribución,Costa,Convencional,No refrigerado,No aplica,"21,79",4,"9,97","5,1","1,25","6,89","8,8",L156-Cos,"5,64","90,03","5,512",Positiva,"7,4"
157,2024-08-03,Acopio,Costa,Convencional,Refrigerado,No aplica,"21,21",5,"3,65","5,8","1,28","6,57","6,7",L157-Cos,"5,29","96,35","5,1328125",Negativa,"5,3"
158,2024-05-31,Cosecha,Costa,Convencional,Refrigerado,No aplica,25,3,"4,89","6,5","1,3","4,31","7,2",L158-Cos,"3,01","95,11","3,315384615",Positiva,"5,8"
159,2024-04-22,Acopio,Sierra,Convencional,No refrigerado,No aplica,15,5,"3,86","6,2","1,04","5,49","8,2",L159-Sie,"4,45","96,14","5,278846154",Positiva,"7,1"
160,2024-05-03,Procesamiento,Sierra,En transición,Mixto,No aplica,"15,44",6,"8,47","4,5","1,49","7,96","9,5",L160-Sie,"6,47","91,53","5,342281879",Positiva,"8,2"
161,2024-12-30,Acopio,Sierra,Convencional,Refrigerado,No aplica,15,5,"7,9","5,8","1,39","6,79","5,5",L161-Sie,"5,4","92,1","4,884892086",Negativa,"4,9"
162,2024-09-16,Distribución,Costa,Convencional,Refrigerado,No aplica,"20,62",4,"8,62","5,4","1,28","4,53",4,L162-Cos,"3,25","91,38","3,5390625",Negativa,4
163,2024-12-29,Cosecha,Selva,En transición,No refrigerado,No aplica,"18,61",2,"10,26",6,"1,76","4,28","6,9",L163-Sel,"2,52","89,74","2,431818182",Negativa,"6,1"
164,2024-03-24,Cosecha,Costa,Orgánico,Refrigerado,No aplica,"19,86",1,"6,66","4,2","1,99","4,13","5,3",L164-Cos,"2,14","93,34","2,075376884",Negativa,"4,2"
165,2024-06-02,Procesamiento,Costa,Convencional,Refrigerado,No aplica,"21,66",2,"8,13","5,6","0,93","7,53","7,9",L165-Cos,"6,6","91,87","8,096774194",Positiva,7
166,2024-06-09,Procesamiento,Costa,Convencional,Mixto,No aplica,"23,59",4,"4,34",5,"1,11","7,79","5,1",L166-Cos,"6,68","95,66","7,018018018",Negativa,"4,5"
167,2024-06-25,Cosecha,Costa,Orgánico,No refrigerado,No aplica,"24,04",6,"3,36","5,2","2,04","7,17","9,5",L167-Cos,"5,13","96,64","3,514705882",Positiva,"8,4"
168,2024-10-20,Procesamiento,Costa,Convencional,No refrigerado,No aplica,"22,87",3,"9,03","5,4","1,55","5,16","8,8",L168-Cos,"3,61","90,97","3,329032258",Positiva,"7,5"
169,2024-08-19,Distribución,Costa,Orgánico,No refrigerado,No aplica,"20,71",5,"5,27","6,3","2,25","4,07","6,3",L169-Cos,"1,82","94,73","1,808888889",Negativa,"5,4"
170,2024-06-26,Venta,Costa,Convencional,Refrigerado,Supermercados,"23,77",1,"5,74","6,4","1,17","7,81","7,6",L170-Cos,"6,64","94,26","6,675213675",Positiva,7
171,2024-08-25,Cosecha,Costa,Orgánico,Refrigerado,No aplica,"21,48",1,"5,47","5,9","2,3","5,58","7,1",L171-Cos,"3,28","94,53","2,426086957",Positiva,"6,4"
172,2024-01-08,Procesamiento,Costa,Convencional,No refrigerado,No aplica,"23,67",4,"9,28","4,5","1,31","6,39","6,4",L172-Cos,"5,08","90,72","4,877862595",Negativa,"5,7"
173,2024-09-16,Venta,Costa,Convencional,No refrigerado,Mercados locales,"22,05",2,"5,92",7,"1,47","4,9","9,5",L173-Cos,"3,43","94,08","3,333333333",Positiva,"8,7"
174,2024-05-13,Venta,Selva,Convencional,Refrigerado,Mercados locales,"18,49",5,"9,81",5,"1,1","5,75","8,1",L174-Sel,"4,65","90,19","5,227272727",Positiva,7
175,2024-06-04,Distribución,Costa,Convencional,No refrigerado,No aplica,"17,76",3,"8,73","6,6","1,33","4,98","6,5",L175-Cos,"3,65","91,27","3,744360902",Negativa,"5,4"
176,2024-04-17,Distribución,Costa,Convencional,Refrigerado,No aplica,"20,67",2,"7,3","5,3","1,38","6,95","4,7",L176-Cos,"5,57","92,7","5,036231884",Negativa,4
177,2024-09-03,Procesamiento,Selva,Convencional,Refrigerado,No aplica,"16,46",4,"7,77","4,5","1,46","7,97","9,1",L177-Sel,"6,51","92,23","5,45890411",Positiva,"8,2"
178,2024-02-08,Acopio,Sierra,Convencional,No refrigerado,No aplica,"15,5",4,"8,34","5,2","1,56","7,61",6,L178-Sie,"6,05","91,66","4,878205128",Negativa,"4,7"
179,2024-03-24,Distribución,Costa,Convencional,No refrigerado,No aplica,"21,24",5,"5,67","4,4","1,21","7,21","5,3",L179-Cos,6,"94,33","5,958677686",Negativa,"4,6"
180,2024-07-24,Cosecha,Costa,Orgánico,Mixto,No aplica,"22,78",5,"6,96","6,1","2,34","7,93","6,5",L180-Cos,"5,59","93,04","3,388888889",Negativa,"5,5"
181,2024-07-21,Distribución,Costa,Convencional,Refrigerado,No aplica,"22,73",1,"4,69",4,"1,27","5,21","9,5",L181-Cos,"3,94","95,31","4,102362205",Positiva,"8,2"
182,2024-06-06,Cosecha,Costa,Convencional,No refrigerado,No aplica,"21,29",2,"9,92","5,9","1,33","7,35","8,6",L182-Cos,"6,02","90,08","5,526315789",Positiva,"7,9"
183,2024-11-19,Procesamiento,Costa,Convencional,No refrigerado,No aplica,"19,55",6,"7,19","4,3","0,89","7,64","8,2",L183-Cos,"6,75","92,81","8,584269663",Positiva,"7,6"
184,2024-10-02,Venta,Costa,En transición,Refrigerado,Mercados locales,"19,76",3,"11,25","5,3","1,41","4,89","7,5",L184-Cos,"3,48","88,75","3,468085106",Positiva,"6,1"
185,2024-09-13,Distribución,Costa,Convencional,Refrigerado,No aplica,"23,45",3,"7,57","6,9","1,4","6,97","6,7",L185-Cos,"5,57","92,43","4,978571429",Negativa,"5,9"
186,2024-08-28,Acopio,Costa,Convencional,Refrigerado,No aplica,"22,21",3,"3,98","4,8","1,77","5,33",7,L186-Cos,"3,56","96,02","3,011299435",Positiva,"5,8"
187,2024-03-30,Procesamiento,Costa,Convencional,No refrigerado,No aplica,"23,93",2,"3,05","4,7","0,84","4,43","9,5",L187-Cos,"3,59","96,95","5,273809524",Positiva,9
188,2024-07-10,Procesamiento,Costa,Convencional,Refrigerado,No aplica,"20,84",1,"3,8",5,"1,31","7,5",9,L188-Cos,"6,19","96,2","5,72519084",Positiva,"7,8"
189,2024-10-27,Distribución,Selva,Convencional,Refrigerado,No aplica,"15,87",4,"9,18",6,"1,06","6,7","4,5",L189-Sel,"5,64","90,82","6,320754717",Negativa,4
190,2024-03-24,Distribución,Selva,Convencional,No refrigerado,No aplica,"18,87",5,"5,69","5,4","1,17","4,48","7,9",L190-Sel,"3,31","94,31","3,829059829",Positiva,"7,3"
191,2024-02-08,Venta,Costa,Convencional,No refrigerado,Supermercados,"24,66",4,"7,16",4,"1,44","9,65",9,L191-Cos,"8,21","92,84","6,701388889",Positiva,"7,9"
192,2024-12-22,Venta,Costa,Convencional,Mixto,Supermercados,"19,71",3,"7,86","5,6","1,25","6,34","7,6",L192-Cos,"5,09","92,14","5,072",Positiva,"6,9"
193,2024-05-01,Cosecha,Costa,Orgánico,No refrigerado,No aplica,"23,94",4,"4,58",6,"1,78","5,23","8,1",L193-Cos,"3,45","95,42","2,938202247",Positiva,"7,2"
194,2024-06-15,Procesamiento,Costa,Convencional,No refrigerado,No aplica,"24,99",4,"7,08","5,1","1,4","6,82","7,7",L194-Cos,"5,42","92,92","4,871428571",Positiva,"7,1"
195,2024-10-31,Procesamiento,Costa,Convencional,Refrigerado,No aplica,"22,46",2,"7,46",5,"0,87","5,64","4,5",L195-Cos,"4,77","92,54","6,482758621",Negativa,4
196,2024-03-07,Cosecha,Sierra,Convencional,No refrigerado,No aplica,"21,79",5,"4,17","6,9","1,03","7,91","9,5",L196-Sie,"6,88","95,83","7,67961165",Positiva,"8,7"
197,2024-03-27,Venta,Costa,Orgánico,Refrigerado,Supermercados,"21,48",2,"7,4","4,3","2,46","7,26","9,5",L197-Cos,"4,8","92,6","2,951219512",Positiva,"8,9"
198,2024-10-31,Procesamiento,Selva,Convencional,Refrigerado,No aplica,"16,77",1,"5,7",5,"1,34","4,62","8,2",L198-Sel,"3,28","94,3","3,447761194",Positiva,"6,8"
199,2024-10-26,Procesamiento,Costa,Convencional,No refrigerado,No aplica,"24,12",6,"4,36","4,2","1,14","5,08","6,3",L199-Cos,"3,94","95,64","4,456140351",Negativa,"5,8"
200,2024-09-06,Distribución,Costa,Convencional,No refrigerado,No aplica,"20,96",6,"9,96","6,6","1,42","6,28","7,8",L200-Cos,"4,86","90,04","4,422535211",Positiva,"6,8"
201,2024-05-28,Procesamiento,Sierra,Orgánico,No refrigerado,No aplica,"19,31",4,"7,46","6,2","2,03","7,48","7,9",L201-Sie,"5,45","92,54","3,684729064",Positiva,"7,3"
202,2024-03-10,Distribución,Costa,Orgánico,Refrigerado,No aplica,"20,95",1,"7,69","5,5","1,59","7,02","8,1",L202-Cos,"5,43","92,31","4,41509434",Positiva,"7,3"
203,2024-08-06,Procesamiento,Costa,Convencional,Refrigerado,No aplica,"20,81",3,"9,43","5,1","1,53","7,58","9,5",L203-Cos,"6,05","90,57","4,954248366",Positiva,"8,1"
204,2024-07-07,Acopio,Selva,Convencional,No refrigerado,No aplica,"23,5",4,"5,18","4,8","0,83","7,89","6,7",L204-Sel,"7,06","94,82","9,506024096",Negativa,6
205,2024-02-26,Venta,Costa,Convencional,No refrigerado,Mercados locales,"20,45",6,"5,51","6,4","1,08","3,63","7,6",L205-Cos,"2,55","94,49","3,361111111",Positiva,"6,1"
206,2024-05-07,Distribución,Selva,Convencional,Mixto,No aplica,"19,63",7,"8,18","4,4","1,55","7,08","6,5",L206-Sel,"5,53","91,82","4,567741935",Negativa,"5,8"
207,2024-07-06,Distribución,Sierra,Convencional,Refrigerado,No aplica,"21,85",4,"5,85","4,2","1,15","4,44","6,3",L207-Sie,"3,29","94,15","3,860869565",Negativa,"5,1"
208,2024-01-13,Procesamiento,Costa,Orgánico,Refrigerado,No aplica,"22,78",1,5,"6,4","2,21","4,2","9,4",L208-Cos,"1,99",95,"1,900452489",Positiva,"8,4"
209,2024-06-06,Distribución,Costa,Convencional,No refrigerado,No aplica,"20,42",4,"3,15","5,7","1,64","6,2","6,3",L209-Cos,"4,56","96,85","3,780487805",Negativa,"4,9"
210,2024-01-14,Venta,Costa,Convencional,No refrigerado,Supermercados,"22,02",3,"7,1","5,9","0,87","8,73","8,9",L210-Cos,"7,86","92,9","10,03448276",Positiva,"7,8"
211,2024-12-03,Procesamiento,Costa,Convencional,Refrigerado,No aplica,"19,99",3,"8,43","4,8","1,3","5,14",8,L211-Cos,"3,84","91,57","3,953846154",Positiva,7
212,2024-11-15,Distribución,Costa,Convencional,No refrigerado,No aplica,"23,41",2,"3,44","6,5","0,8","4,99","8,8",L212-Cos,"4,19","96,56","6,2375",Positiva,"8,1"
213,2024-02-25,Acopio,Costa,Convencional,Refrigerado,No aplica,"21,05",4,"9,35","6,8","1,22","5,51","8,6",L213-Cos,"4,29","90,65","4,516393443",Positiva,"7,9"
214,2024-01-24,Venta,Costa,Convencional,No refrigerado,Supermercados,"24,85",3,"3,97","4,8","1,68","6,73","8,8",L214-Cos,"5,05","96,03","4,005952381",Positiva,"7,4"
215,2024-02-10,Distribución,Selva,Convencional,Refrigerado,No aplica,"20,61",4,10,"4,3","1,3","5,54","6,9",L215-Sel,"4,24",90,"4,261538462",Negativa,"6,1"
216,2024-04-09,Procesamiento,Costa,Convencional,No refrigerado,No aplica,"22,44",5,"8,95","4,6","1,46","5,89",5,L216-Cos,"4,43","91,05","4,034246575",Negativa,"4,1"
217,2024-03-05,Distribución,Costa,Convencional,Refrigerado,No aplica,"24,55",4,"9,82","4,2","1,48","5,87","8,5",L217-Cos,"4,39","90,18","3,966216216",Positiva,"7,2"
218,2024-12-02,Venta,Costa,Convencional,Refrigerado,Supermercados,"18,51",5,"7,82","4,7","1,71","9,35","7,5",L218-Cos,"7,64","92,18","5,467836257",Positiva,"6,7"
219,2024-12-05,Cosecha,Costa,Convencional,No refrigerado,No aplica,25,6,"6,25","6,9","1,32","6,71","8,2",L219-Cos,"5,39","93,75","5,083333333",Positiva,"6,7"
220,2024-08-11,Procesamiento,Costa,Convencional,Refrigerado,No aplica,"22,46",2,"8,39","6,4","0,92","5,06","9,3",L220-Cos,"4,14","91,61","5,5",Positiva,"8,1"
221,2024-08-04,Acopio,Sierra,Convencional,Refrigerado,No aplica,"20,47",4,"8,93","4,1","1,7","7,13","5,3",L221-Sie,"5,43","91,07","4,194117647",Negativa,"4,2"
222,2024-03-30,Acopio,Costa,Orgánico,No refrigerado,No aplica,"22,62",3,"4,9","6,2","1,97","4,23","8,1",L222-Cos,"2,26","95,1","2,147208122",Positiva,"6,7"
223,2024-10-27,Venta,Costa,Convencional,No refrigerado,Mercados locales,"24,94",2,"4,58","4,6","0,94","4,87","7,9",L223-Cos,"3,93","95,42","5,180851064",Positiva,"7,4"
224,2024-02-16,Acopio,Selva,Convencional,Mixto,No aplica,"21,32",3,"5,42","6,8","1,09","5,88","5,9",L224-Sel,"4,79","94,58","5,394495413",Negativa,"5,1"
225,2024-10-03,Cosecha,Sierra,Convencional,Mixto,No aplica,15,3,"9,71","5,6","1,04",6,"7,4",L225-Sie,"4,96","90,29","5,769230769",Positiva,"6,4"
226,2024-06-09,Venta,Costa,Convencional,No refrigerado,Mercados locales,"21,66",4,"4,16","5,3","1,01","3,15",5,L226-Cos,"2,14","95,84","3,118811881",Negativa,"4,3"
227,2024-11-27,Cosecha,Selva,Convencional,Refrigerado,No aplica,"17,71",4,"9,66",7,"1,51","7,92","7,8",L227-Sel,"6,41","90,34","5,245033113",Positiva,"6,6"
228,2024-10-25,Acopio,Costa,Convencional,Refrigerado,No aplica,"22,33",4,"8,81","6,2","1,16","6,79","7,4",L228-Cos,"5,63","91,19","5,853448276",Positiva,6
229,2024-04-02,Procesamiento,Selva,Convencional,Refrigerado,No aplica,25,1,"6,21","6,3","1,76","7,05","7,4",L229-Sel,"5,29","93,79","4,005681818",Positiva,"6,5"
230,2024-06-03,Procesamiento,Costa,Orgánico,Refrigerado,No aplica,"19,5",4,"3,07","5,5","2,31","5,02","8,7",L230-Cos,"2,71","96,93","2,173160173",Positiva,"7,9"
231,2024-11-18,Cosecha,Costa,Convencional,Refrigerado,No aplica,"20,48",3,"9,68","5,5","1,31","5,93","5,4",L231-Cos,"4,62","90,32","4,526717557",Negativa,4
232,2024-04-23,Acopio,Sierra,En transición,Mixto,No aplica,15,4,"11,95","5,2","1,37","5,66","8,5",L232-Sie,"4,29","88,05","4,131386861",Positiva,"7,6"
233,2024-07-15,Venta,Costa,En transición,Refrigerado,Tiendas especializadas,"20,39",1,"6,23","6,6","1,08","11,75","8,8",L233-Cos,"10,67","93,77","10,87962963",Positiva,"7,8"
234,2024-08-29,Distribución,Costa,Convencional,Refrigerado,No aplica,"21,64",2,"9,25","5,3","1,58","5,91",8,L234-Cos,"4,33","90,75","3,740506329",Positiva,"7,1"
235,2024-10-06,Cosecha,Costa,Orgánico,Refrigerado,No aplica,"21,27",1,"4,19","4,9","2,38","5,84","8,9",L235-Cos,"3,46","95,81","2,453781513",Positiva,"7,5"
236,2024-03-09,Distribución,Costa,Convencional,No refrigerado,No aplica,"24,12",3,"9,13","5,6","1,08","5,7","6,7",L236-Cos,"4,62","90,87","5,277777778",Negativa,"5,6"
237,2024-01-03,Acopio,Sierra,Convencional,No refrigerado,No aplica,"17,57",2,"9,81","4,7","1,1","5,22","6,6",L237-Sie,"4,12","90,19","4,745454545",Negativa,"5,3"
238,2024-07-24,Venta,Costa,Convencional,Refrigerado,Mercados locales,"19,83",5,"5,96","4,9","1,13","5,14","9,5",L238-Cos,"4,01","94,04","4,548672566",Positiva,"8,2"
239,2024-02-01,Cosecha,Costa,En transición,No refrigerado,No aplica,"23,41",6,"6,05","5,1","1,21","7,02","5,9",L239-Cos,"5,81","93,95","5,801652893",Negativa,"5,1"
240,2024-02-20,Cosecha,Sierra,Convencional,Mixto,No aplica,15,3,"3,91","5,7","1,58","6,83","8,6",L240-Sie,"5,25","96,09","4,32278481",Positiva,"7,7"
241,2024-09-07,Acopio,Selva,Convencional,No refrigerado,No aplica,"19,04",2,"3,85","4,4","1,65","5,38","9,5",L241-Sel,"3,73","96,15","3,260606061",Positiva,"8,2"
242,2024-02-01,Cosecha,Costa,Orgánico,Refrigerado,No aplica,"23,47",5,"7,68","5,5","1,88","4,65","9,5",L242-Cos,"2,77","92,32","2,473404255",Positiva,"8,6"
243,2024-12-04,Acopio,Selva,Orgánico,No refrigerado,No aplica,"20,77",2,"7,82","5,3","1,73","6,82","7,4",L243-Sel,"5,09","92,18","3,942196532",Positiva,"6,1"
244,2024-02-12,Distribución,Costa,Convencional,No refrigerado,No aplica,"21,64",6,"9,73","6,1","1,75","4,91","4,1",L244-Cos,"3,16","90,27","2,805714286",Negativa,4
245,2024-11-23,Venta,Costa,Convencional,Refrigerado,Tiendas especializadas,"24,12",3,"8,95","6,9","1,43","8,24","8,6",L245-Cos,"6,81","91,05","5,762237762",Positiva,"7,5"
246,2024-02-02,Cosecha,Costa,Orgánico,Refrigerado,No aplica,"24,5",1,"4,58","6,6","2,11","4,99","5,9",L246-Cos,"2,88","95,42","2,36492891",Negativa,"4,7"
247,2024-08-02,Acopio,Costa,Convencional,Refrigerado,No aplica,"21,69",4,"9,87","6,4","1,53","4,46","6,5",L247-Cos,"2,93","90,13","2,91503268",Negativa,"5,2"
248,2024-02-27,Procesamiento,Sierra,Orgánico,Refrigerado,No aplica,"16,73",1,"2,07","5,4","2,48","4,41","5,7",L248-Sie,"1,93","97,93","1,778225806",Negativa,"4,4"
249,2024-01-02,Cosecha,Costa,Convencional,No refrigerado,No aplica,"18,31",5,"3,52","5,8","1,32","6,96","5,6",L249-Cos,"5,64","96,48","5,272727273",Negativa,"4,7"
250,2024-10-16,Acopio,Sierra,En transición,No refrigerado,No aplica,"17,79",5,"9,19","5,9","1,45","5,07","7,3",L250-Sie,"3,62","90,81","3,496551724",Positiva,"6,7"
251,2024-06-02,Distribución,Costa,Convencional,No refrigerado,No aplica,"23,71",4,"4,9","5,8","1,67","7,79","9,5",L251-Cos,"6,12","95,1","4,664670659",Positiva,"8,6"
252,2024-06-12,Procesamiento,Costa,Convencional,Mixto,No aplica,"19,11",7,"5,86",4,"1,38","5,01","9,1",L252-Cos,"3,63","94,14","3,630434783",Positiva,"7,9"
253,2024-05-06,Venta,Costa,Convencional,No refrigerado,Mercados locales,"23,29",3,"3,06","5,3","0,89","5,25","5,7",L253-Cos,"4,36","96,94","5,898876404",Negativa,"4,7"
254,2024-05-30,Distribución,Sierra,Convencional,No refrigerado,No aplica,"18,66",2,"4,69","6,1","0,89","4,8","5,1",L254-Sie,"3,91","95,31","5,393258427",Negativa,4
255,2024-10-30,Cosecha,Selva,Orgánico,Refrigerado,No aplica,"19,26",2,"6,4","5,8","2,17","4,32","9,2",L255-Sel,"2,15","93,6","1,99078341",Positiva,"8,3"
256,2024-06-27,Acopio,Selva,Convencional,No refrigerado,No aplica,"22,75",4,"7,32","6,2","1,54","6,09",6,L256-Sel,"4,55","92,68","3,954545455",Negativa,"4,9"
257,2024-02-27,Distribución,Costa,Convencional,No refrigerado,No aplica,"23,71",2,"9,27",6,"1,59","5,82","6,8",L257-Cos,"4,23","90,73","3,660377358",Negativa,"6,1"
258,2024-07-23,Acopio,Sierra,Convencional,No refrigerado,No aplica,"19,35",5,"5,94","5,5","1,59","6,4","7,3",L258-Sie,"4,81","94,06","4,025157233",Positiva,"6,1"
259,2024-07-20,Acopio,Sierra,Orgánico,Refrigerado,No aplica,"16,77",2,"4,45","6,8","1,61","6,07","9,5",L259-Sie,"4,46","95,55","3,770186335",Positiva,"8,5"
260,2024-06-01,Venta,Costa,Convencional,No refrigerado,Supermercados,"21,79",3,"6,75","5,1","1,15","9,31","8,6",L260-Cos,"8,16","93,25","8,095652174",Positiva,"7,9"
261,2024-04-18,Distribución,Costa,Convencional,No refrigerado,No aplica,"19,23",3,"9,59","6,6","0,9","5,57","9,5",L261-Cos,"4,67","90,41","6,188888889",Positiva,"8,7"
262,2024-03-27,Procesamiento,Costa,Convencional,No refrigerado,No aplica,"22,35",4,"5,9",4,"1,1","5,84","7,2",L262-Cos,"4,74","94,1","5,309090909",Positiva,6
263,2024-05-01,Cosecha,Sierra,Orgánico,Refrigerado,No aplica,"20,44",2,"3,78","5,6","1,85","5,66","9,5",L263-Sie,"3,81","96,22","3,059459459",Positiva,"8,5"
264,2024-05-16,Acopio,Costa,Orgánico,Refrigerado,No aplica,"19,16",3,"4,01","6,2","2,07","7,94","9,1",L264-Cos,"5,87","95,99","3,835748792",Positiva,"8,4"
265,2024-08-26,Acopio,Costa,Convencional,No refrigerado,No aplica,"20,26",3,"5,29","5,6","1,38","4,09","8,2",L265-Cos,"2,71","94,71","2,963768116",Positiva,"6,7"
266,2024-11-04,Cosecha,Sierra,Orgánico,Refrigerado,No aplica,"19,08",5,"4,35","6,7","1,7","6,03","6,6",L266-Sie,"4,33","95,65","3,547058824",Negativa,"5,4"
267,2024-04-29,Distribución,Costa,Convencional,No refrigerado,No aplica,"23,87",4,"7,82","4,8","0,81","6,89","6,7",L267-Cos,"6,08","92,18","8,50617284",Negativa,"5,2"
268,2024-06-29,Distribución,Costa,Convencional,Refrigerado,No aplica,"21,22",5,"4,28","6,6","1,68","5,87","6,3",L268-Cos,"4,19","95,72","3,494047619",Negativa,"5,4"
269,2024-11-28,Acopio,Sierra,Orgánico,Refrigerado,No aplica,15,4,"7,09","5,6","2,48","5,8","7,7",L269-Sie,"3,32","92,91","2,338709677",Positiva,"6,7"
270,2024-04-16,Distribución,Costa,En transición,No refrigerado,No aplica,"19,84",4,"9,95","5,1","1,17","4,18",6,L270-Cos,"3,01","90,05","3,572649573",Negativa,"4,6"
271,2024-11-13,Venta,Costa,Convencional,No refrigerado,Supermercados,"20,47",2,"7,07","5,3","1,35","8,08","7,8",L271-Cos,"6,73","92,93","5,985185185",Positiva,"6,8"
272,2024-08-02,Distribución,Costa,Convencional,No refrigerado,No aplica,"24,81",5,"4,36","6,7","1,55","7,63",8,L272-Cos,"6,08","95,64","4,922580645",Positiva,"6,8"
273,2024-02-28,Procesamiento,Costa,Convencional,No refrigerado,No aplica,25,5,"6,32","6,1","1,07","4,81","7,4",L273-Cos,"3,74","93,68","4,495327103",Positiva,"6,6"
274,2024-11-13,Cosecha,Costa,Convencional,No refrigerado,No aplica,"23,89",2,"7,09","4,4","1,24","5,8","8,7",L274-Cos,"4,56","92,91","4,677419355",Positiva,"7,8"
275,2024-12-21,Distribución,Costa,Convencional,Refrigerado,No aplica,"22,34",1,"6,7","6,5","1,26","5,11","8,5",L275-Cos,"3,85","93,3","4,055555556",Positiva,"7,9"
276,2024-06-13,Distribución,Costa,Convencional,No refrigerado,No aplica,"22,7",5,"8,42","6,2","0,95","4,87",7,L276-Cos,"3,92","91,58","5,126315789",Positiva,"6,3"
277,2024-09-11,Acopio,Costa,Convencional,Refrigerado,No aplica,"20,92",2,"8,49","5,3",1,"6,06","7,8",L277-Cos,"5,06","91,51","6,06",Positiva,"7,3"
278,2024-12-30,Venta,Selva,Convencional,No refrigerado,Supermercados,"17,88",4,"9,99",5,"1,55","9,23","7,2",L278-Sel,"7,68","90,01","5,95483871",Positiva,"6,7"
279,2024-04-23,Procesamiento,Costa,Convencional,Refrigerado,No aplica,"21,41",4,"7,58","4,7","0,81","7,06","8,9",L279-Cos,"6,25","92,42","8,716049383",Positiva,"7,4"
280,2024-03-14,Distribución,Costa,Convencional,No refrigerado,No aplica,"18,5",4,"7,07",7,"1,56","5,77","4,7",L280-Cos,"4,21","92,93","3,698717949",Negativa,4
281,2024-09-02,Cosecha,Costa,Convencional,No refrigerado,No aplica,"19,03",5,"6,69","4,6","1,8","7,92","4,9",L281-Cos,"6,12","93,31","4,4",Negativa,4
282,2024-02-28,Distribución,Costa,Convencional,Refrigerado,No aplica,25,2,"3,77","6,8","1,43","4,22","6,9",L282-Cos,"2,79","96,23","2,951048951",Negativa,"5,6"
283,2024-04-21,Distribución,Costa,Convencional,Refrigerado,No aplica,"24,46",4,"3,3","5,7","1,25","7,79","9,5",L283-Cos,"6,54","96,7","6,232",Positiva,"8,4"
284,2024-08-17,Cosecha,Costa,Convencional,No refrigerado,No aplica,"23,18",5,"6,42","5,2","0,95","6,29","7,4",L284-Cos,"5,34","93,58","6,621052632",Positiva,"6,7"
285,2024-05-23,Distribución,Costa,Convencional,Refrigerado,No aplica,25,5,"5,96","4,3","1,41","7,52","8,4",L285-Cos,"6,11","94,04","5,333333333",Positiva,"7,2"
286,2024-04-28,Distribución,Costa,Convencional,Mixto,No aplica,"19,97",3,"9,98","4,1","1,7","6,49","9,5",L286-Cos,"4,79","90,02","3,817647059",Positiva,"8,4"
287,2024-01-11,Procesamiento,Selva,Convencional,Refrigerado,No aplica,"17,54",4,"8,72","6,6","1,74","4,34","4,4",L287-Sel,"2,6","91,28","2,494252874",Negativa,4
288,2024-02-25,Distribución,Costa,Convencional,No refrigerado,No aplica,"21,78",5,"9,81","6,3","1,77","5,76","5,8",L288-Cos,"3,99","90,19","3,254237288",Negativa,"4,5"
289,2024-06-14,Cosecha,Costa,Convencional,Refrigerado,No aplica,"19,17",5,"3,44","4,6","1,61","4,59","5,4",L289-Cos,"2,98","96,56","2,850931677",Negativa,4
290,2024-04-21,Venta,Costa,Convencional,No refrigerado,Supermercados,"24,7",6,"6,35","6,3","1,1","7,25","7,4",L290-Cos,"6,15","93,65","6,590909091",Positiva,"6,3"
291,2024-04-15,Cosecha,Sierra,Convencional,Mixto,No aplica,"21,86",7,"5,93","5,4","1,53","6,3","5,9",L291-Sie,"4,77","94,07","4,117647059",Negativa,"5,1"
292,2024-02-07,Acopio,Sierra,Convencional,Mixto,No aplica,"17,3",5,"6,66","5,4","1,46","6,24","8,3",L292-Sie,"4,78","93,34","4,273972603",Positiva,"7,2"
293,2024-07-06,Venta,Costa,Convencional,No refrigerado,Supermercados,25,6,"9,23","6,5","1,31","8,94","6,6",L293-Cos,"7,63","90,77","6,824427481",Negativa,6
294,2024-07-26,Procesamiento,Costa,Convencional,No refrigerado,No aplica,"24,95",5,"4,16","6,6","1,29","5,63","5,2",L294-Cos,"4,34","95,84","4,364341085",Negativa,4
295,2024-12-14,Acopio,Selva,En transición,No refrigerado,No aplica,"18,95",4,"11,57","6,7","1,14","6,92","5,5",L295-Sel,"5,78","88,43","6,070175439",Negativa,"4,9"
296,2024-07-23,Distribución,Costa,Convencional,Refrigerado,No aplica,"22,82",4,3,"6,6","1,59","6,51","6,8",L296-Cos,"4,92",97,"4,094339623",Negativa,6
297,2024-07-05,Acopio,Costa,Convencional,Refrigerado,No aplica,20,3,"3,28","4,9","1,01","4,95","6,5",L297-Cos,"3,94","96,72","4,900990099",Negativa,"5,2"
298,2024-12-03,Procesamiento,Costa,Convencional,No refrigerado,No aplica,"24,74",2,"7,93","6,8","1,18","6,83","8,3",L298-Cos,"5,65","92,07","5,788135593",Positiva,"7,2"
299,2024-11-08,Cosecha,Costa,Orgánico,Refrigerado,No aplica,25,1,"4,81","6,3","1,62","6,51","8,5",L299-Cos,"4,89","95,19","4,018518519",Positiva,"7,6"
300,2024-07-08,Procesamiento,Sierra,Orgánico,Refrigerado,No aplica,15,4,"6,35","4,3","2,11","5,12","7,3",L300-Sie,"3,01","93,65","2,426540284",Positiva,"6,3"
301,2024-12-07,Distribución,Costa,Convencional,Refrigerado,No aplica,25,1,"4,66",6,"1,37","7,72",9,L301-Cos,"6,35","95,34","5,635036496",Positiva,"7,6"
302,2024-12-24,Cosecha,Costa,Convencional,No refrigerado,No aplica,"20,56",4,"5,05",5,"1,09","4,17","8,1",L302-Cos,"3,08","94,95","3,825688073",Positiva,"7,3"
303,2024-04-14,Acopio,Sierra,Convencional,Refrigerado,No aplica,"18,83",2,"9,39",5,"1,26","6,71","8,5",L303-Sie,"5,45","90,61","5,325396825",Positiva,"7,1"
304,2024-07-26,Acopio,Costa,Convencional,Refrigerado,No aplica,"21,14",4,"4,83",5,"1,63","7,74","6,1",L304-Cos,"6,11","95,17","4,748466258",Negativa,"5,5"
305,2024-03-13,Procesamiento,Costa,Orgánico,Refrigerado,No aplica,"19,97",5,"4,68","5,5","1,75","5,88","9,2",L305-Cos,"4,13","95,32","3,36",Positiva,"7,9"
306,2024-06-10,Distribución,Costa,Convencional,Mixto,No aplica,"23,13",3,"3,05","4,6","1,46","5,64","8,4",L306-Cos,"4,18","96,95","3,863013699",Positiva,"7,1"
307,2024-08-01,Venta,Costa,Convencional,Refrigerado,Supermercados,"21,71",2,"4,29",5,"1,23","9,32","6,3",L307-Cos,"8,09","95,71","7,577235772",Negativa,"5,6"
308,2024-03-31,Cosecha,Costa,Orgánico,Refrigerado,No aplica,"23,55",1,"4,34","5,1","1,55","4,87","9,5",L308-Cos,"3,32","95,66","3,141935484",Positiva,"8,6"
309,2024-06-29,Venta,Costa,Convencional,No refrigerado,Tiendas especializadas,"18,69",2,"3,58","4,8","1,58","7,49",6,L309-Cos,"5,91","96,42","4,740506329",Negativa,"5,3"
310,2024-03-30,Procesamiento,Costa,En transición,Refrigerado,No aplica,"22,3",1,"9,9","5,9","1,66","4,89","6,7",L310-Cos,"3,23","90,1","2,945783133",Negativa,"5,5"
311,2024-03-16,Distribución,Costa,Convencional,Refrigerado,No aplica,"24,74",2,"6,02",5,"0,85","4,21","7,2",L311-Cos,"3,36","93,98","4,952941176",Positiva,"6,2"
312,2024-01-08,Procesamiento,Costa,En transición,No refrigerado,No aplica,"22,83",3,"10,76","6,5","1,28","5,4","6,2",L312-Cos,"4,12","89,24","4,21875",Negativa,"5,1"
313,2024-11-05,Cosecha,Costa,Convencional,Refrigerado,No aplica,"21,12",5,"8,89","4,7","1,18","7,23","8,9",L313-Cos,"6,05","91,11","6,127118644",Positiva,"8,2"
314,2024-08-29,Distribución,Costa,Convencional,Refrigerado,No aplica,"21,72",2,"3,23","5,4","1,21","4,64","6,6",L314-Cos,"3,43","96,77","3,834710744",Negativa,"5,9"
315,2024-06-11,Venta,Costa,Convencional,Refrigerado,Supermercados,"22,53",3,"3,31","6,1","1,45","6,93","6,3",L315-Cos,"5,48","96,69","4,779310345",Negativa,"5,8"
316,2024-08-26,Acopio,Selva,Convencional,No refrigerado,No aplica,"15,88",2,"6,11","6,3","1,33","6,15","6,3",L316-Sel,"4,82","93,89","4,62406015",Negativa,"5,5"
317,2024-06-07,Acopio,Sierra,Orgánico,Mixto,No aplica,"16,9",7,"6,26","4,3","1,82","7,87","6,7",L317-Sie,"6,05","93,74","4,324175824",Negativa,"5,6"
318,2024-02-29,Venta,Costa,Convencional,Mixto,Tiendas especializadas,"24,74",5,"3,64","4,9","0,84","10,9","9,1",L318-Cos,"10,06","96,36","12,97619048",Positiva,"7,7"
319,2024-07-30,Procesamiento,Sierra,Convencional,Refrigerado,No aplica,"18,64",2,"8,91","5,5","1,31","5,23","7,1",L319-Sie,"3,92","91,09","3,992366412",Positiva,"5,9"
320,2024-10-17,Acopio,Selva,Convencional,No refrigerado,No aplica,"23,01",5,"4,64","4,6","1,66","7,28","8,6",L320-Sel,"5,62","95,36","4,385542169",Positiva,"7,7"
321,2024-05-04,Venta,Costa,Convencional,Refrigerado,Ventas directas,"22,15",1,"6,02","4,9",1,"4,26","7,2",L321-Cos,"3,26","93,98","4,26",Positiva,"5,7"
322,2024-05-06,Acopio,Costa,Convencional,No refrigerado,No aplica,"21,34",2,"8,58","6,2","1,49","5,36","6,9",L322-Cos,"3,87","91,42","3,597315436",Negativa,"5,7"
323,2024-08-28,Cosecha,Sierra,Convencional,Refrigerado,No aplica,"17,07",2,"9,49","5,3","0,85","4,16","6,9",L323-Sie,"3,31","90,51","4,894117647",Negativa,"5,5"
324,2024-11-10,Cosecha,Sierra,Convencional,Mixto,No aplica,"16,27",4,"7,12","5,2","1,77","6,18","8,6",L324-Sie,"4,41","92,88","3,491525424",Positiva,"7,6"
325,2024-10-18,Procesamiento,Costa,Convencional,Refrigerado,No aplica,"19,2",4,"5,98","6,5","1,61","4,9","7,4",L325-Cos,"3,29","94,02","3,043478261",Positiva,"6,6"
326,2024-08-15,Distribución,Selva,Orgánico,Refrigerado,No aplica,"22,53",2,"5,98","6,6","2,26","6,91","7,6",L326-Sel,"4,65","94,02","3,057522124",Positiva,7
327,2024-09-28,Distribución,Costa,Convencional,Refrigerado,No aplica,"23,06",5,"4,04","4,8","1,16","5,63","6,9",L327-Cos,"4,47","95,96","4,853448276",Negativa,"5,7"
328,2024-02-07,Cosecha,Sierra,Convencional,Refrigerado,No aplica,"16,44",5,"5,41",5,"1,11","4,49","8,4",L328-Sie,"3,38","94,59","4,045045045",Positiva,"7,8"
329,2024-10-26,Acopio,Sierra,Convencional,No refrigerado,No aplica,"17,06",5,"7,59","5,6","0,88","4,14","8,8",L329-Sie,"3,26","92,41","4,704545455",Positiva,8
330,2024-05-17,Cosecha,Selva,Orgánico,Mixto,No aplica,"22,68",7,"5,83",7,"2,27","5,74","9,5",L330-Sel,"3,47","94,17","2,528634361",Positiva,"8,5"
331,2024-08-12,Procesamiento,Costa,Convencional,No refrigerado,No aplica,"23,86",6,"8,46",4,"1,62","4,16","7,8",L331-Cos,"2,54","91,54","2,567901235",Positiva,"6,7"
332,2024-07-13,Procesamiento,Costa,Convencional,No refrigerado,No aplica,"22,92",5,"3,72","4,4","1,78","6,7",9,L332-Cos,"4,92","96,28","3,764044944",Positiva,"7,9"
333,2024-10-22,Acopio,Sierra,Convencional,No refrigerado,No aplica,"19,84",5,"4,93","6,3","1,03","6,77","9,5",L333-Sie,"5,74","95,07","6,572815534",Positiva,"8,8"
334,2024-03-29,Acopio,Sierra,Convencional,Refrigerado,No aplica,"15,09",1,"8,95","4,1","1,53","5,37","8,6",L334-Sie,"3,84","91,05","3,509803922",Positiva,"7,7"
335,2024-07-12,Venta,Costa,Convencional,Refrigerado,Supermercados,"19,86",4,"8,07","5,5","1,43","9,22","9,5",L335-Cos,"7,79","91,93","6,447552448",Positiva,"8,4"
336,2024-02-05,Cosecha,Sierra,Convencional,No refrigerado,No aplica,"16,07",6,"7,21",5,"1,72","5,63",7,L336-Sie,"3,91","92,79","3,273255814",Positiva,"5,5"
337,2024-07-05,Venta,Costa,Convencional,Mixto,Mercados locales,"23,75",6,"9,62","4,9","0,8","3,82","6,3",L337-Cos,"3,02","90,38","4,775",Negativa,"5,1"
338,2024-02-13,Venta,Costa,Convencional,No refrigerado,Supermercados,"23,26",6,"5,4","4,4","0,89","9,33","7,4",L338-Cos,"8,44","94,6","10,48314607",Positiva,6
339,2024-07-08,Distribución,Costa,Convencional,No refrigerado,No aplica,"21,24",2,"3,1",5,"1,35","4,59","7,8",L339-Cos,"3,24","96,9","3,4",Positiva,"6,5"
340,2024-03-12,Procesamiento,Sierra,En transición,No refrigerado,No aplica,"15,85",2,"7,69",6,"1,79","4,9","7,4",L340-Sie,"3,11","92,31","2,737430168",Positiva,"6,3"
341,2024-02-27,Cosecha,Costa,Orgánico,Refrigerado,No aplica,"21,94",5,"2,53","4,2","2,39","5,86","8,2",L341-Cos,"3,47","97,47","2,451882845",Positiva,"7,5"
342,2024-04-18,Procesamiento,Costa,Convencional,No refrigerado,No aplica,25,2,"7,43","4,4","1,38","6,77","8,6",L342-Cos,"5,39","92,57","4,905797101",Positiva,"7,4"
343,2024-12-07,Acopio,Selva,Convencional,Mixto,No aplica,"20,35",7,"3,18","4,9","1,24","6,47","6,7",L343-Sel,"5,23","96,82","5,217741935",Negativa,"5,6"
344,2024-09-24,Acopio,Costa,Convencional,No refrigerado,No aplica,"20,04",6,"6,79","4,3","0,86","4,42","5,4",L344-Cos,"3,56","93,21","5,139534884",Negativa,"4,3"
345,2024-03-05,Procesamiento,Costa,Orgánico,Refrigerado,No aplica,"22,08",3,"6,14","4,8","1,81","6,45","9,3",L345-Cos,"4,64","93,86","3,563535912",Positiva,"8,3"
346,2024-09-25,Venta,Costa,Convencional,No refrigerado,Supermercados,"24,02",5,"5,51","6,7","0,82","7,26","8,1",L346-Cos,"6,44","94,49","8,853658537",Positiva,"7,1"
347,2024-01-28,Distribución,Costa,Convencional,No refrigerado,No aplica,"24,85",3,"5,89","6,8","1,05","4,48","6,5",L347-Cos,"3,43","94,11","4,266666667",Negativa,"5,7"
348,2024-08-04,Procesamiento,Costa,Convencional,No refrigerado,No aplica,22,4,"6,16","5,1","1,2","4,46","5,9",L348-Cos,"3,26","93,84","3,716666667",Negativa,"4,9"
349,2024-05-17,Acopio,Costa,Convencional,No refrigerado,No aplica,"20,95",2,"9,58","5,9","1,75","4,61","7,7",L349-Cos,"2,86","90,42","2,634285714",Positiva,7
350,2024-01-01,Acopio,Sierra,Orgánico,No refrigerado,No aplica,"15,9",5,"2,98","6,2","1,71","4,23","6,7",L350-Sie,"2,52","97,02","2,473684211",Negativa,"5,4"
351,2024-01-16,Cosecha,Costa,Orgánico,Refrigerado,No aplica,"20,29",4,"2,48","5,7","2,41","5,59","6,3",L351-Cos,"3,18","97,52","2,319502075",Negativa,"5,6"
352,2024-08-09,Procesamiento,Sierra,Convencional,No refrigerado,No aplica,15,2,"8,8","4,2","1,28","6,52","7,8",L352-Sie,"5,24","91,2","5,09375",Positiva,"7,2"
353,2024-12-22,Acopio,Costa,Orgánico,Refrigerado,No aplica,"20,03",4,"2,24","5,2","2,02","6,32","5,4",L353-Cos,"4,3","97,76","3,128712871",Negativa,"4,5"
354,2024-09-14,Cosecha,Sierra,Orgánico,No refrigerado,No aplica,15,6,"2,08","4,7","2,07","5,41","9,2",L354-Sie,"3,34","97,92","2,61352657",Positiva,8
355,2024-07-28,Distribución,Costa,Orgánico,Refrigerado,No aplica,"21,53",5,"7,43","6,5","1,7","5,76",9,L355-Cos,"4,06","92,57","3,388235294",Positiva,"8,1"
356,2024-08-11,Acopio,Sierra,Orgánico,Refrigerado,No aplica,"17,86",1,"2,09","4,7","2,37","4,66","9,3",L356-Sie,"2,29","97,91","1,966244726",Positiva,"8,5"
357,2024-05-02,Acopio,Sierra,Convencional,Refrigerado,No aplica,"18,36",2,"4,98","6,5","1,34","5,5","6,8",L357-Sie,"4,16","95,02","4,104477612",Negativa,"5,7"
358,2024-06-23,Cosecha,Costa,Orgánico,Refrigerado,No aplica,"21,74",5,"7,71","6,7","1,77","4,78",7,L358-Cos,"3,01","92,29","2,700564972",Positiva,"6,2"
359,2024-08-13,Procesamiento,Costa,Orgánico,Refrigerado,No aplica,"24,03",4,"3,55","4,3","2,42","7,11","8,1",L359-Cos,"4,69","96,45","2,938016529",Positiva,"6,7"
360,2024-10-05,Cosecha,Costa,Convencional,Refrigerado,No aplica,"21,09",4,"9,89","6,4","1,56","6,72",7,L360-Cos,"5,16","90,11","4,307692308",Positiva,"5,6"
361,2024-05-16,Venta,Costa,Convencional,Refrigerado,Supermercados,"20,42",4,"4,19","4,2","1,13","9,06","7,5",L361-Cos,"7,93","95,81","8,017699115",Positiva,"6,5"
362,2024-03-06,Acopio,Costa,Convencional,Refrigerado,No aplica,25,5,"4,66","4,3","0,98","7,19","8,3",L362-Cos,"6,21","95,34","7,336734694",Positiva,"7,5"
363,2024-02-14,Procesamiento,Costa,Convencional,No refrigerado,No aplica,25,4,"8,91",5,"1,49","7,85","5,5",L363-Cos,"6,36","91,09","5,268456376",Negativa,"4,3"
364,2024-01-28,Acopio,Costa,Convencional,Mixto,No aplica,23,4,"8,67","4,8","1,53","5,49","6,2",L364-Cos,"3,96","91,33","3,588235294",Negativa,"5,7"
365,2024-06-21,Distribución,Sierra,Orgánico,Refrigerado,No aplica,"17,37",5,"5,71","5,7","1,56","6,53","6,2",L365-Sie,"4,97","94,29","4,185897436",Negativa,"5,2"
366,2024-08-12,Cosecha,Costa,En transición,No refrigerado,No aplica,"20,84",4,"9,91","5,8","1,74","5,4","5,2",L366-Cos,"3,66","90,09","3,103448276",Negativa,"4,4"
367,2024-01-21,Distribución,Costa,Convencional,Refrigerado,No aplica,"21,63",4,"7,9",5,"1,54","5,65","4,8",L367-Cos,"4,11","92,1","3,668831169",Negativa,4
368,2024-11-26,Distribución,Costa,Convencional,Refrigerado,No aplica,"20,94",1,"7,86","4,5","1,12","5,66","5,3",L368-Cos,"4,54","92,14","5,053571429",Negativa,"4,8"
369,2024-01-01,Acopio,Sierra,Orgánico,Refrigerado,No aplica,"15,77",2,"6,29","5,1","1,63","5,01","8,1",L369-Sie,"3,38","93,71","3,073619632",Positiva,7
370,2024-02-11,Cosecha,Costa,Convencional,No refrigerado,No aplica,"22,45",4,"8,66","5,8","1,1","5,02","8,4",L370-Cos,"3,92","91,34","4,563636364",Positiva,"7,2"
371,2024-01-10,Cosecha,Costa,Orgánico,Refrigerado,No aplica,"23,05",5,"4,56","5,8","1,58","4,35",5,L371-Cos,"2,77","95,44","2,753164557",Negativa,4
372,2024-03-09,Procesamiento,Costa,Convencional,No refrigerado,No aplica,"24,67",2,"5,05","4,8","1,13","6,23","9,2",L372-Cos,"5,1","94,95","5,513274336",Positiva,"8,6"
373,2024-04-08,Procesamiento,Costa,Convencional,No refrigerado,No aplica,"20,05",4,"3,34","4,7","1,7","5,02","8,5",L373-Cos,"3,32","96,66","2,952941176",Positiva,7
374,2024-07-24,Venta,Costa,Convencional,No refrigerado,Supermercados,25,5,"4,47","6,9","1,45","9,74","7,2",L374-Cos,"8,29","95,53","6,717241379",Positiva,"6,2"
375,2024-03-10,Acopio,Selva,Orgánico,Refrigerado,No aplica,"18,8",5,"6,03","6,2","2,08","4,83","7,6",L375-Sel,"2,75","93,97","2,322115385",Positiva,"6,5"
376,2024-11-19,Acopio,Costa,Orgánico,Refrigerado,No aplica,"19,51",4,"3,61","4,6","2,28","7,64","9,5",L376-Cos,"5,36","96,39","3,350877193",Positiva,"8,8"
377,2024-07-28,Distribución,Costa,Convencional,Refrigerado,No aplica,"24,48",3,"8,52","6,7","1,07","7,25","9,5",L377-Cos,"6,18","91,48","6,775700935",Positiva,"8,5"
378,2024-05-31,Acopio,Selva,Convencional,Refrigerado,No aplica,"18,31",2,"9,62",6,"1,13",6,"8,3",L378-Sel,"4,87","90,38","5,309734513",Positiva,"7,4"
379,2024-04-18,Acopio,Costa,Convencional,Refrigerado,No aplica,"20,34",3,"8,68","6,8","1,11","7,43","7,5",L379-Cos,"6,32","91,32","6,693693694",Positiva,"6,9"
380,2024-05-02,Distribución,Costa,Convencional,Refrigerado,No aplica,"21,87",3,"9,72","4,7","0,89","4,78","7,8",L380-Cos,"3,89","90,28","5,370786517",Positiva,"7,2"
381,2024-09-26,Venta,Costa,Convencional,No refrigerado,Mercados locales,"20,28",6,"9,87","6,8","1,73","4,21","9,5",L381-Cos,"2,48","90,13","2,433526012",Positiva,"8,2"
382,2024-02-19,Distribución,Costa,Convencional,No refrigerado,No aplica,"20,86",3,"5,14",5,"0,87","5,4","7,9",L382-Cos,"4,53","94,86","6,206896552",Positiva,"7,2"
383,2024-03-19,Distribución,Costa,Convencional,Mixto,No aplica,"23,99",7,"3,97",4,"1,34","7,9","5,9",L383-Cos,"6,56","96,03","5,895522388",Negativa,"5,2"
384,2024-12-22,Acopio,Costa,Convencional,No refrigerado,No aplica,"22,03",6,"5,91","4,2","1,2","5,9","8,6",L384-Cos,"4,7","94,09","4,916666667",Positiva,"7,6"